{"info":{"year":"2025","version":"3","description":"Exported from roboflow.com","contributor":"","url":"https://app.roboflow.com/datasets/whereswally-rowyv/3","date_created":"2025-12-17T18:28:26+00:00"},"licenses":[{"id":1,"url":"","name":"Unknown"}],"categories":[{"id":0,"name":"wally","supercategory":"none"},{"id":1,"name":"odwald","supercategory":"wally"},{"id":2,"name":"wally","supercategory":"wally"},{"id":3,"name":"wenda","supercategory":"wally"},{"id":4,"name":"wizard_whitebeard","supercategory":"wally"}],"images":[{"id":0,"license":1,"file_name":"662030511-Wheres-Wally-1-by-Martin-Handford-z-lib-org_page-0007_jpg.rf.ca640826fa5948afbfdeaabb76a3172d.jpg","height":1344,"width":2048,"date_captured":"2025-12-17T18:28:26+00:00","extra":{"user_tags":["rapid-initial-owlvit-output"],"name":"662030511-Wheres-Wally-1-by-Martin-Handford-z-lib-org_page-0007.jpg"}},{"id":1,"license":1,"file_name":"662030511-Wheres-Wally-1-by-Martin-Handford-z-lib-org_page-0007_jpg.rf.018b856c1280cc32f561726ce38071ff.jpg","height":1344,"width":2048,"date_captured":"2025-12-17T18:28:26+00:00","extra":{"user_tags":["rapid-initial-owlvit-output"],"name":"662030511-Wheres-Wally-1-by-Martin-Handford-z-lib-org_page-0007.jpg"}},{"id":2,"license":1,"file_name":"662030511-Wheres-Wally-1-by-Martin-Handford-z-lib-org_page-0007_jpg.rf.6f3e204948814e77bef1872aa8c6ba1a.jpg","height":1344,"width":2048,"date_captured":"2025-12-17T18:28:26+00:00","extra":{"user_tags":["rapid-initial-owlvit-output"],"name":"662030511-Wheres-Wally-1-by-Martin-Handford-z-lib-org_page-0007.jpg"}},{"id":3,"license":1,"file_name":"662030511-Wheres-Wally-1-by-Martin-Handford-z-lib-org_page-0007_jpg.rf.84b20368aced53ecd83388f2e22c8b53.jpg","height":1344,"width":2048,"date_captured":"2025-12-17T18:28:26+00:00","extra":{"user_tags":["rapid-initial-owlvit-output"],"name":"662030511-Wheres-Wally-1-by-Martin-Handford-z-lib-org_page-0007.jpg"}},{"id":4,"license":1,"file_name":"662030511-Wheres-Wally-1-by-Martin-Handford-z-lib-org_page-0006_jpg.rf.69524ec12d1536dbe432d2e937e02350.jpg","height":1344,"width":2048,"date_captured":"2025-12-17T18:28:26+00:00","extra":{"user_tags":["rapid-initial-owlvit-output"],"name":"662030511-Wheres-Wally-1-by-Martin-Handford-z-lib-org_page-0006.jpg"}},{"id":5,"license":1,"file_name":"662030511-Wheres-Wally-1-by-Martin-Handford-z-lib-org_page-0008_jpg.rf.ab3c618102689024036874245add14df.jpg","height":1344,"width":2048,"date_captured":"2025-12-17T18:28:26+00:00","extra":{"user_tags":["rapid-initial-owlvit-output"],"name":"662030511-Wheres-Wally-1-by-Martin-Handford-z-lib-org_page-0008.jpg"}},{"id":6,"license":1,"file_name":"662030511-Wheres-Wally-1-by-Martin-Handford-z-lib-org_page-0007_jpg.rf.7a8212bdea73ed4c8177793b565114a3.jpg","height":1344,"width":2048,"date_captured":"2025-12-17T18:28:26+00:00","extra":{"user_tags":["rapid-initial-owlvit-output"],"name":"662030511-Wheres-Wally-1-by-Martin-Handford-z-lib-org_page-0007.jpg"}},{"id":7,"license":1,"file_name":"662030511-Wheres-Wally-1-by-Martin-Handford-z-lib-org_page-0005_jpg.rf.7677e429e17acb574f9fe0ecff9c353d.jpg","height":1344,"width":2048,"date_captured":"2025-12-17T18:28:26+00:00","extra":{"name":"662030511-Wheres-Wally-1-by-Martin-Handford-z-lib-org_page-0005.jpg"}},{"id":8,"license":1,"file_name":"662030511-Wheres-Wally-1-by-Martin-Handford-z-lib-org_page-0010_jpg.rf.1cb0625d87149424be7d964c047dd92d.jpg","height":1344,"width":2048,"date_captured":"2025-12-17T18:28:26+00:00","extra":{"user_tags":["rapid-initial-owlvit-output"],"name":"662030511-Wheres-Wally-1-by-Martin-Handford-z-lib-org_page-0010.jpg"}},{"id":9,"license":1,"file_name":"662030511-Wheres-Wally-1-by-Martin-Handford-z-lib-org_page-0016_jpg.rf.01bcd80503c47c1a3a8f9e1cfaff4517.jpg","height":1344,"width":2048,"date_captured":"2025-12-17T18:28:26+00:00","extra":{"name":"662030511-Wheres-Wally-1-by-Martin-Handford-z-lib-org_page-0016.jpg"}},{"id":10,"license":1,"file_name":"662030511-Wheres-Wally-1-by-Martin-Handford-z-lib-org_page-0010_jpg.rf.90c4b2740ff33728ba706348a6daa893.jpg","height":1344,"width":2048,"date_captured":"2025-12-17T18:28:26+00:00","extra":{"user_tags":["rapid-initial-owlvit-output"],"name":"662030511-Wheres-Wally-1-by-Martin-Handford-z-lib-org_page-0010.jpg"}},{"id":11,"license":1,"file_name":"662030511-Wheres-Wally-1-by-Martin-Handford-z-lib-org_page-0012_jpg.rf.6d0b8a7a060986d9603b489d6340a01b.jpg","height":1344,"width":2048,"date_captured":"2025-12-17T18:28:26+00:00","extra":{"user_tags":["rapid-initial-owlvit-output"],"name":"662030511-Wheres-Wally-1-by-Martin-Handford-z-lib-org_page-0012.jpg"}},{"id":12,"license":1,"file_name":"662030511-Wheres-Wally-1-by-Martin-Handford-z-lib-org_page-0008_jpg.rf.696cce82f09a10d336a2b981f2fe1196.jpg","height":1344,"width":2048,"date_captured":"2025-12-17T18:28:26+00:00","extra":{"user_tags":["rapid-initial-owlvit-output"],"name":"662030511-Wheres-Wally-1-by-Martin-Handford-z-lib-org_page-0008.jpg"}},{"id":13,"license":1,"file_name":"662030511-Wheres-Wally-1-by-Martin-Handford-z-lib-org_page-0006_jpg.rf.45dfdf526e854ede15ccf1656d9792d3.jpg","height":1344,"width":2048,"date_captured":"2025-12-17T18:28:26+00:00","extra":{"user_tags":["rapid-initial-owlvit-output"],"name":"662030511-Wheres-Wally-1-by-Martin-Handford-z-lib-org_page-0006.jpg"}},{"id":14,"license":1,"file_name":"662030511-Wheres-Wally-1-by-Martin-Handford-z-lib-org_page-0009_jpg.rf.053481e42d89d6b62d547de5336ed5f5.jpg","height":1344,"width":2048,"date_captured":"2025-12-17T18:28:26+00:00","extra":{"user_tags":["rapid-initial-owlvit-output"],"name":"662030511-Wheres-Wally-1-by-Martin-Handford-z-lib-org_page-0009.jpg"}},{"id":15,"license":1,"file_name":"662030511-Wheres-Wally-1-by-Martin-Handford-z-lib-org_page-0006_jpg.rf.fce10f1514ef79f507c865012bc86366.jpg","height":1344,"width":2048,"date_captured":"2025-12-17T18:28:26+00:00","extra":{"user_tags":["rapid-initial-owlvit-output"],"name":"662030511-Wheres-Wally-1-by-Martin-Handford-z-lib-org_page-0006.jpg"}},{"id":16,"license":1,"file_name":"662030511-Wheres-Wally-1-by-Martin-Handford-z-lib-org_page-0016_jpg.rf.8b621ce8ad80bccf613ff0105a7235a2.jpg","height":1344,"width":2048,"date_captured":"2025-12-17T18:28:26+00:00","extra":{"name":"662030511-Wheres-Wally-1-by-Martin-Handford-z-lib-org_page-0016.jpg"}},{"id":17,"license":1,"file_name":"662030511-Wheres-Wally-1-by-Martin-Handford-z-lib-org_page-0005_jpg.rf.b9276d92ed8a6bb1f6d05a8557f89b72.jpg","height":1344,"width":2048,"date_captured":"2025-12-17T18:28:26+00:00","extra":{"name":"662030511-Wheres-Wally-1-by-Martin-Handford-z-lib-org_page-0005.jpg"}},{"id":18,"license":1,"file_name":"662030511-Wheres-Wally-1-by-Martin-Handford-z-lib-org_page-0008_jpg.rf.49dc3de62da4857abf7539c4b037fbc6.jpg","height":1344,"width":2048,"date_captured":"2025-12-17T18:28:26+00:00","extra":{"user_tags":["rapid-initial-owlvit-output"],"name":"662030511-Wheres-Wally-1-by-Martin-Handford-z-lib-org_page-0008.jpg"}},{"id":19,"license":1,"file_name":"662030511-Wheres-Wally-1-by-Martin-Handford-z-lib-org_page-0010_jpg.rf.48847904bbec7c0100d91ab9f3e30d4f.jpg","height":1344,"width":2048,"date_captured":"2025-12-17T18:28:26+00:00","extra":{"user_tags":["rapid-initial-owlvit-output"],"name":"662030511-Wheres-Wally-1-by-Martin-Handford-z-lib-org_page-0010.jpg"}},{"id":20,"license":1,"file_name":"662030511-Wheres-Wally-1-by-Martin-Handford-z-lib-org_page-0006_jpg.rf.0b45b90dd44402ea3155463663ab13b5.jpg","height":1344,"width":2048,"date_captured":"2025-12-17T18:28:26+00:00","extra":{"user_tags":["rapid-initial-owlvit-output"],"name":"662030511-Wheres-Wally-1-by-Martin-Handford-z-lib-org_page-0006.jpg"}},{"id":21,"license":1,"file_name":"662030511-Wheres-Wally-1-by-Martin-Handford-z-lib-org_page-0005_jpg.rf.ca505d883ba9c8fa5dcae11160e971a1.jpg","height":1344,"width":2048,"date_captured":"2025-12-17T18:28:26+00:00","extra":{"name":"662030511-Wheres-Wally-1-by-Martin-Handford-z-lib-org_page-0005.jpg"}},{"id":22,"license":1,"file_name":"662030511-Wheres-Wally-1-by-Martin-Handford-z-lib-org_page-0012_jpg.rf.1ae676f796d5922554343e8af4abb091.jpg","height":1344,"width":2048,"date_captured":"2025-12-17T18:28:26+00:00","extra":{"user_tags":["rapid-initial-owlvit-output"],"name":"662030511-Wheres-Wally-1-by-Martin-Handford-z-lib-org_page-0012.jpg"}},{"id":23,"license":1,"file_name":"662030511-Wheres-Wally-1-by-Martin-Handford-z-lib-org_page-0009_jpg.rf.affe57f199960a2c8952a84cd5d64e93.jpg","height":1344,"width":2048,"date_captured":"2025-12-17T18:28:26+00:00","extra":{"user_tags":["rapid-initial-owlvit-output"],"name":"662030511-Wheres-Wally-1-by-Martin-Handford-z-lib-org_page-0009.jpg"}},{"id":24,"license":1,"file_name":"662030511-Wheres-Wally-1-by-Martin-Handford-z-lib-org_page-0008_jpg.rf.f0d2b2be327a02e88c0f02db299f2426.jpg","height":1344,"width":2048,"date_captured":"2025-12-17T18:28:26+00:00","extra":{"user_tags":["rapid-initial-owlvit-output"],"name":"662030511-Wheres-Wally-1-by-Martin-Handford-z-lib-org_page-0008.jpg"}},{"id":25,"license":1,"file_name":"662030511-Wheres-Wally-1-by-Martin-Handford-z-lib-org_page-0009_jpg.rf.a5628acc6a38d51e93fd6bcef381fa2a.jpg","height":1344,"width":2048,"date_captured":"2025-12-17T18:28:26+00:00","extra":{"user_tags":["rapid-initial-owlvit-output"],"name":"662030511-Wheres-Wally-1-by-Martin-Handford-z-lib-org_page-0009.jpg"}},{"id":26,"license":1,"file_name":"662030511-Wheres-Wally-1-by-Martin-Handford-z-lib-org_page-0016_jpg.rf.acc4bb955093d9a1881b964d6c3d1aa0.jpg","height":1344,"width":2048,"date_captured":"2025-12-17T18:28:26+00:00","extra":{"name":"662030511-Wheres-Wally-1-by-Martin-Handford-z-lib-org_page-0016.jpg"}},{"id":27,"license":1,"file_name":"662030511-Wheres-Wally-1-by-Martin-Handford-z-lib-org_page-0012_jpg.rf.ada75bff8b91a22f5d7478eef5e2ce1a.jpg","height":1344,"width":2048,"date_captured":"2025-12-17T18:28:26+00:00","extra":{"user_tags":["rapid-initial-owlvit-output"],"name":"662030511-Wheres-Wally-1-by-Martin-Handford-z-lib-org_page-0012.jpg"}},{"id":28,"license":1,"file_name":"662030511-Wheres-Wally-1-by-Martin-Handford-z-lib-org_page-0005_jpg.rf.3e4ca8234298b734152c4290c742c6bf.jpg","height":1344,"width":2048,"date_captured":"2025-12-17T18:28:26+00:00","extra":{"name":"662030511-Wheres-Wally-1-by-Martin-Handford-z-lib-org_page-0005.jpg"}},{"id":29,"license":1,"file_name":"662030511-Wheres-Wally-1-by-Martin-Handford-z-lib-org_page-0009_jpg.rf.01f488872941b95669bf384388f64f21.jpg","height":1344,"width":2048,"date_captured":"2025-12-17T18:28:26+00:00","extra":{"user_tags":["rapid-initial-owlvit-output"],"name":"662030511-Wheres-Wally-1-by-Martin-Handford-z-lib-org_page-0009.jpg"}},{"id":30,"license":1,"file_name":"662030511-Wheres-Wally-1-by-Martin-Handford-z-lib-org_page-0012_jpg.rf.254702c9b7551d921d1b7c4e3ee2b850.jpg","height":1344,"width":2048,"date_captured":"2025-12-17T18:28:26+00:00","extra":{"user_tags":["rapid-initial-owlvit-output"],"name":"662030511-Wheres-Wally-1-by-Martin-Handford-z-lib-org_page-0012.jpg"}},{"id":31,"license":1,"file_name":"662030511-Wheres-Wally-1-by-Martin-Handford-z-lib-org_page-0016_jpg.rf.369d8d0638bd27fc9da01105b5bc9678.jpg","height":1344,"width":2048,"date_captured":"2025-12-17T18:28:26+00:00","extra":{"name":"662030511-Wheres-Wally-1-by-Martin-Handford-z-lib-org_page-0016.jpg"}},{"id":32,"license":1,"file_name":"662030511-Wheres-Wally-1-by-Martin-Handford-z-lib-org_page-0006_jpg.rf.12e7fdf6dc7d0cd62cf0489f9ae8f59e.jpg","height":1344,"width":2048,"date_captured":"2025-12-17T18:28:26+00:00","extra":{"user_tags":["rapid-initial-owlvit-output"],"name":"662030511-Wheres-Wally-1-by-Martin-Handford-z-lib-org_page-0006.jpg"}},{"id":33,"license":1,"file_name":"662030511-Wheres-Wally-1-by-Martin-Handford-z-lib-org_page-0007_jpg.rf.5108340e6202a5368839a1ee9f69f8c0.jpg","height":1344,"width":2048,"date_captured":"2025-12-17T18:28:26+00:00","extra":{"user_tags":["rapid-initial-owlvit-output"],"name":"662030511-Wheres-Wally-1-by-Martin-Handford-z-lib-org_page-0007.jpg"}},{"id":34,"license":1,"file_name":"662030511-Wheres-Wally-1-by-Martin-Handford-z-lib-org_page-0012_jpg.rf.a1f34cb5c87bff147929131ff2c8cc64.jpg","height":1344,"width":2048,"date_captured":"2025-12-17T18:28:26+00:00","extra":{"user_tags":["rapid-initial-owlvit-output"],"name":"662030511-Wheres-Wally-1-by-Martin-Handford-z-lib-org_page-0012.jpg"}},{"id":35,"license":1,"file_name":"662030511-Wheres-Wally-1-by-Martin-Handford-z-lib-org_page-0005_jpg.rf.f16a646e0e95b8ff352a73cda810e880.jpg","height":1344,"width":2048,"date_captured":"2025-12-17T18:28:26+00:00","extra":{"name":"662030511-Wheres-Wally-1-by-Martin-Handford-z-lib-org_page-0005.jpg"}},{"id":36,"license":1,"file_name":"662030511-Wheres-Wally-1-by-Martin-Handford-z-lib-org_page-0007_jpg.rf.f0ea9e1aea8354d2ab9de45f51d539c5.jpg","height":1344,"width":2048,"date_captured":"2025-12-17T18:28:26+00:00","extra":{"user_tags":["rapid-initial-owlvit-output"],"name":"662030511-Wheres-Wally-1-by-Martin-Handford-z-lib-org_page-0007.jpg"}},{"id":37,"license":1,"file_name":"662030511-Wheres-Wally-1-by-Martin-Handford-z-lib-org_page-0010_jpg.rf.cfeabddf7dacfd6ab0db6a9c2ea996f3.jpg","height":1344,"width":2048,"date_captured":"2025-12-17T18:28:26+00:00","extra":{"user_tags":["rapid-initial-owlvit-output"],"name":"662030511-Wheres-Wally-1-by-Martin-Handford-z-lib-org_page-0010.jpg"}},{"id":38,"license":1,"file_name":"662030511-Wheres-Wally-1-by-Martin-Handford-z-lib-org_page-0010_jpg.rf.c3b465c39a976a85bab86600ff548752.jpg","height":1344,"width":2048,"date_captured":"2025-12-17T18:28:26+00:00","extra":{"user_tags":["rapid-initial-owlvit-output"],"name":"662030511-Wheres-Wally-1-by-Martin-Handford-z-lib-org_page-0010.jpg"}},{"id":39,"license":1,"file_name":"662030511-Wheres-Wally-1-by-Martin-Handford-z-lib-org_page-0016_jpg.rf.738e4d5ff967f8b35638591a5c93170b.jpg","height":1344,"width":2048,"date_captured":"2025-12-17T18:28:26+00:00","extra":{"name":"662030511-Wheres-Wally-1-by-Martin-Handford-z-lib-org_page-0016.jpg"}},{"id":40,"license":1,"file_name":"662030511-Wheres-Wally-1-by-Martin-Handford-z-lib-org_page-0007_jpg.rf.d9993d5cb443ad797d5e04c5303a870b.jpg","height":1344,"width":2048,"date_captured":"2025-12-17T18:28:26+00:00","extra":{"user_tags":["rapid-initial-owlvit-output"],"name":"662030511-Wheres-Wally-1-by-Martin-Handford-z-lib-org_page-0007.jpg"}},{"id":41,"license":1,"file_name":"662030511-Wheres-Wally-1-by-Martin-Handford-z-lib-org_page-0009_jpg.rf.28ea25963711f6633b11370ec78eeee2.jpg","height":1344,"width":2048,"date_captured":"2025-12-17T18:28:26+00:00","extra":{"user_tags":["rapid-initial-owlvit-output"],"name":"662030511-Wheres-Wally-1-by-Martin-Handford-z-lib-org_page-0009.jpg"}},{"id":42,"license":1,"file_name":"662030511-Wheres-Wally-1-by-Martin-Handford-z-lib-org_page-0009_jpg.rf.e62d1e826466f0fcff6ba700642da939.jpg","height":1344,"width":2048,"date_captured":"2025-12-17T18:28:26+00:00","extra":{"user_tags":["rapid-initial-owlvit-output"],"name":"662030511-Wheres-Wally-1-by-Martin-Handford-z-lib-org_page-0009.jpg"}},{"id":43,"license":1,"file_name":"662030511-Wheres-Wally-1-by-Martin-Handford-z-lib-org_page-0016_jpg.rf.70b5dad5d44c57014a24a40f898d9345.jpg","height":1344,"width":2048,"date_captured":"2025-12-17T18:28:26+00:00","extra":{"name":"662030511-Wheres-Wally-1-by-Martin-Handford-z-lib-org_page-0016.jpg"}},{"id":44,"license":1,"file_name":"662030511-Wheres-Wally-1-by-Martin-Handford-z-lib-org_page-0009_jpg.rf.61df5c200b2831ac048c65a0317862cf.jpg","height":1344,"width":2048,"date_captured":"2025-12-17T18:28:26+00:00","extra":{"user_tags":["rapid-initial-owlvit-output"],"name":"662030511-Wheres-Wally-1-by-Martin-Handford-z-lib-org_page-0009.jpg"}},{"id":45,"license":1,"file_name":"662030511-Wheres-Wally-1-by-Martin-Handford-z-lib-org_page-0006_jpg.rf.f280d32d22cb591400cb354a3e8f6941.jpg","height":1344,"width":2048,"date_captured":"2025-12-17T18:28:26+00:00","extra":{"user_tags":["rapid-initial-owlvit-output"],"name":"662030511-Wheres-Wally-1-by-Martin-Handford-z-lib-org_page-0006.jpg"}},{"id":46,"license":1,"file_name":"662030511-Wheres-Wally-1-by-Martin-Handford-z-lib-org_page-0016_jpg.rf.6f1fb60597c46d135be2279c2aaaf7bf.jpg","height":1344,"width":2048,"date_captured":"2025-12-17T18:28:26+00:00","extra":{"name":"662030511-Wheres-Wally-1-by-Martin-Handford-z-lib-org_page-0016.jpg"}},{"id":47,"license":1,"file_name":"662030511-Wheres-Wally-1-by-Martin-Handford-z-lib-org_page-0012_jpg.rf.4a5b8097fc28f4e42452a30c594975b2.jpg","height":1344,"width":2048,"date_captured":"2025-12-17T18:28:26+00:00","extra":{"user_tags":["rapid-initial-owlvit-output"],"name":"662030511-Wheres-Wally-1-by-Martin-Handford-z-lib-org_page-0012.jpg"}},{"id":48,"license":1,"file_name":"662030511-Wheres-Wally-1-by-Martin-Handford-z-lib-org_page-0016_jpg.rf.7f0893e18c06bd26f965e75c2ffc84eb.jpg","height":1344,"width":2048,"date_captured":"2025-12-17T18:28:26+00:00","extra":{"name":"662030511-Wheres-Wally-1-by-Martin-Handford-z-lib-org_page-0016.jpg"}},{"id":49,"license":1,"file_name":"662030511-Wheres-Wally-1-by-Martin-Handford-z-lib-org_page-0012_jpg.rf.eb0756720323882c91f54b40eee1d093.jpg","height":1344,"width":2048,"date_captured":"2025-12-17T18:28:26+00:00","extra":{"user_tags":["rapid-initial-owlvit-output"],"name":"662030511-Wheres-Wally-1-by-Martin-Handford-z-lib-org_page-0012.jpg"}},{"id":50,"license":1,"file_name":"662030511-Wheres-Wally-1-by-Martin-Handford-z-lib-org_page-0010_jpg.rf.e39faa521aaf318ec9b8f2b3ade85ebc.jpg","height":1344,"width":2048,"date_captured":"2025-12-17T18:28:26+00:00","extra":{"user_tags":["rapid-initial-owlvit-output"],"name":"662030511-Wheres-Wally-1-by-Martin-Handford-z-lib-org_page-0010.jpg"}},{"id":51,"license":1,"file_name":"662030511-Wheres-Wally-1-by-Martin-Handford-z-lib-org_page-0008_jpg.rf.d7b1aa944517aaebfd93dae3c78e8b4e.jpg","height":1344,"width":2048,"date_captured":"2025-12-17T18:28:26+00:00","extra":{"user_tags":["rapid-initial-owlvit-output"],"name":"662030511-Wheres-Wally-1-by-Martin-Handford-z-lib-org_page-0008.jpg"}},{"id":52,"license":1,"file_name":"662030511-Wheres-Wally-1-by-Martin-Handford-z-lib-org_page-0012_jpg.rf.5ab7e8b798ca380e6e3c92a9e885e6bf.jpg","height":1344,"width":2048,"date_captured":"2025-12-17T18:28:26+00:00","extra":{"user_tags":["rapid-initial-owlvit-output"],"name":"662030511-Wheres-Wally-1-by-Martin-Handford-z-lib-org_page-0012.jpg"}},{"id":53,"license":1,"file_name":"662030511-Wheres-Wally-1-by-Martin-Handford-z-lib-org_page-0008_jpg.rf.a494b9c20fc110a74afaddfc8114ba27.jpg","height":1344,"width":2048,"date_captured":"2025-12-17T18:28:26+00:00","extra":{"user_tags":["rapid-initial-owlvit-output"],"name":"662030511-Wheres-Wally-1-by-Martin-Handford-z-lib-org_page-0008.jpg"}},{"id":54,"license":1,"file_name":"662030511-Wheres-Wally-1-by-Martin-Handford-z-lib-org_page-0008_jpg.rf.67bb30d2c929c556098e78f32d17400d.jpg","height":1344,"width":2048,"date_captured":"2025-12-17T18:28:26+00:00","extra":{"user_tags":["rapid-initial-owlvit-output"],"name":"662030511-Wheres-Wally-1-by-Martin-Handford-z-lib-org_page-0008.jpg"}},{"id":55,"license":1,"file_name":"662030511-Wheres-Wally-1-by-Martin-Handford-z-lib-org_page-0006_jpg.rf.5cee4f28f77287cfd00b720444053f54.jpg","height":1344,"width":2048,"date_captured":"2025-12-17T18:28:26+00:00","extra":{"user_tags":["rapid-initial-owlvit-output"],"name":"662030511-Wheres-Wally-1-by-Martin-Handford-z-lib-org_page-0006.jpg"}},{"id":56,"license":1,"file_name":"662030511-Wheres-Wally-1-by-Martin-Handford-z-lib-org_page-0009_jpg.rf.0731e413a308acb0479d72011d17c9ae.jpg","height":1344,"width":2048,"date_captured":"2025-12-17T18:28:26+00:00","extra":{"user_tags":["rapid-initial-owlvit-output"],"name":"662030511-Wheres-Wally-1-by-Martin-Handford-z-lib-org_page-0009.jpg"}},{"id":57,"license":1,"file_name":"662030511-Wheres-Wally-1-by-Martin-Handford-z-lib-org_page-0005_jpg.rf.d62b75fedec7a12cb637ef3899af73f1.jpg","height":1344,"width":2048,"date_captured":"2025-12-17T18:28:26+00:00","extra":{"name":"662030511-Wheres-Wally-1-by-Martin-Handford-z-lib-org_page-0005.jpg"}},{"id":58,"license":1,"file_name":"662030511-Wheres-Wally-1-by-Martin-Handford-z-lib-org_page-0010_jpg.rf.a8bcd193a6d9bbb1de732e32d039c576.jpg","height":1344,"width":2048,"date_captured":"2025-12-17T18:28:26+00:00","extra":{"user_tags":["rapid-initial-owlvit-output"],"name":"662030511-Wheres-Wally-1-by-Martin-Handford-z-lib-org_page-0010.jpg"}},{"id":59,"license":1,"file_name":"662030511-Wheres-Wally-1-by-Martin-Handford-z-lib-org_page-0010_jpg.rf.3bc4ab662b297595607979151c67ce35.jpg","height":1344,"width":2048,"date_captured":"2025-12-17T18:28:26+00:00","extra":{"user_tags":["rapid-initial-owlvit-output"],"name":"662030511-Wheres-Wally-1-by-Martin-Handford-z-lib-org_page-0010.jpg"}},{"id":60,"license":1,"file_name":"662030511-Wheres-Wally-1-by-Martin-Handford-z-lib-org_page-0008_jpg.rf.c19f169e0adf6661769aa4faa374271b.jpg","height":1344,"width":2048,"date_captured":"2025-12-17T18:28:26+00:00","extra":{"user_tags":["rapid-initial-owlvit-output"],"name":"662030511-Wheres-Wally-1-by-Martin-Handford-z-lib-org_page-0008.jpg"}},{"id":61,"license":1,"file_name":"662030511-Wheres-Wally-1-by-Martin-Handford-z-lib-org_page-0005_jpg.rf.b1b4cf6d4367a38a97c5f21c9d28b9a3.jpg","height":1344,"width":2048,"date_captured":"2025-12-17T18:28:26+00:00","extra":{"name":"662030511-Wheres-Wally-1-by-Martin-Handford-z-lib-org_page-0005.jpg"}},{"id":62,"license":1,"file_name":"662030511-Wheres-Wally-1-by-Martin-Handford-z-lib-org_page-0005_jpg.rf.5b2357e672899a6dc3184a21edaa35b9.jpg","height":1344,"width":2048,"date_captured":"2025-12-17T18:28:26+00:00","extra":{"name":"662030511-Wheres-Wally-1-by-Martin-Handford-z-lib-org_page-0005.jpg"}},{"id":63,"license":1,"file_name":"662030511-Wheres-Wally-1-by-Martin-Handford-z-lib-org_page-0009_jpg.rf.56d9cd1959eb965f4074f70d42a6cf71.jpg","height":1344,"width":2048,"date_captured":"2025-12-17T18:28:26+00:00","extra":{"user_tags":["rapid-initial-owlvit-output"],"name":"662030511-Wheres-Wally-1-by-Martin-Handford-z-lib-org_page-0009.jpg"}},{"id":64,"license":1,"file_name":"662030511-Wheres-Wally-1-by-Martin-Handford-z-lib-org_page-0006_jpg.rf.3f02babc84746b9a230dfb4c61967a45.jpg","height":1344,"width":2048,"date_captured":"2025-12-17T18:28:26+00:00","extra":{"user_tags":["rapid-initial-owlvit-output"],"name":"662030511-Wheres-Wally-1-by-Martin-Handford-z-lib-org_page-0006.jpg"}},{"id":65,"license":1,"file_name":"662030511-Wheres-Wally-1-by-Martin-Handford-z-lib-org_page-0016_jpg.rf.c25b90591fa59ae87866100492011173.jpg","height":1344,"width":2048,"date_captured":"2025-12-17T18:28:26+00:00","extra":{"name":"662030511-Wheres-Wally-1-by-Martin-Handford-z-lib-org_page-0016.jpg"}},{"id":66,"license":1,"file_name":"662030511-Wheres-Wally-1-by-Martin-Handford-z-lib-org_page-0008_jpg.rf.8cfa896045104a94c24275e5df1e6e22.jpg","height":1344,"width":2048,"date_captured":"2025-12-17T18:28:26+00:00","extra":{"user_tags":["rapid-initial-owlvit-output"],"name":"662030511-Wheres-Wally-1-by-Martin-Handford-z-lib-org_page-0008.jpg"}},{"id":67,"license":1,"file_name":"662030511-Wheres-Wally-1-by-Martin-Handford-z-lib-org_page-0007_jpg.rf.163dd88376ceef66de1acdc7cdda4cd0.jpg","height":1344,"width":2048,"date_captured":"2025-12-17T18:28:26+00:00","extra":{"user_tags":["rapid-initial-owlvit-output"],"name":"662030511-Wheres-Wally-1-by-Martin-Handford-z-lib-org_page-0007.jpg"}},{"id":68,"license":1,"file_name":"662030511-Wheres-Wally-1-by-Martin-Handford-z-lib-org_page-0016_jpg.rf.8e7bfad392ea3ccb8e6757b00859366b.jpg","height":1344,"width":2048,"date_captured":"2025-12-17T18:28:26+00:00","extra":{"name":"662030511-Wheres-Wally-1-by-Martin-Handford-z-lib-org_page-0016.jpg"}},{"id":69,"license":1,"file_name":"662030511-Wheres-Wally-1-by-Martin-Handford-z-lib-org_page-0005_jpg.rf.2bc43b74c1d8ba6438f581e485f2e901.jpg","height":1344,"width":2048,"date_captured":"2025-12-17T18:28:26+00:00","extra":{"name":"662030511-Wheres-Wally-1-by-Martin-Handford-z-lib-org_page-0005.jpg"}},{"id":70,"license":1,"file_name":"662030511-Wheres-Wally-1-by-Martin-Handford-z-lib-org_page-0012_jpg.rf.f37aa7ad699ee3f7ed3d3297852c75ac.jpg","height":1344,"width":2048,"date_captured":"2025-12-17T18:28:26+00:00","extra":{"user_tags":["rapid-initial-owlvit-output"],"name":"662030511-Wheres-Wally-1-by-Martin-Handford-z-lib-org_page-0012.jpg"}},{"id":71,"license":1,"file_name":"662030511-Wheres-Wally-1-by-Martin-Handford-z-lib-org_page-0006_jpg.rf.b6672cb4434e353403397d08606760fc.jpg","height":1344,"width":2048,"date_captured":"2025-12-17T18:28:26+00:00","extra":{"user_tags":["rapid-initial-owlvit-output"],"name":"662030511-Wheres-Wally-1-by-Martin-Handford-z-lib-org_page-0006.jpg"}},{"id":72,"license":1,"file_name":"662030511-Wheres-Wally-1-by-Martin-Handford-z-lib-org_page-0006_jpg.rf.597870aa67066cdaa901147aabb1d8db.jpg","height":1344,"width":2048,"date_captured":"2025-12-17T18:28:26+00:00","extra":{"user_tags":["rapid-initial-owlvit-output"],"name":"662030511-Wheres-Wally-1-by-Martin-Handford-z-lib-org_page-0006.jpg"}},{"id":73,"license":1,"file_name":"662030511-Wheres-Wally-1-by-Martin-Handford-z-lib-org_page-0010_jpg.rf.bf4720cb4606edaf4a8482e9515aee0b.jpg","height":1344,"width":2048,"date_captured":"2025-12-17T18:28:26+00:00","extra":{"user_tags":["rapid-initial-owlvit-output"],"name":"662030511-Wheres-Wally-1-by-Martin-Handford-z-lib-org_page-0010.jpg"}},{"id":74,"license":1,"file_name":"662030511-Wheres-Wally-1-by-Martin-Handford-z-lib-org_page-0012_jpg.rf.6d7a06b21217afde1cc9eabd18ca40d4.jpg","height":1344,"width":2048,"date_captured":"2025-12-17T18:28:26+00:00","extra":{"user_tags":["rapid-initial-owlvit-output"],"name":"662030511-Wheres-Wally-1-by-Martin-Handford-z-lib-org_page-0012.jpg"}},{"id":75,"license":1,"file_name":"662030511-Wheres-Wally-1-by-Martin-Handford-z-lib-org_page-0007_jpg.rf.0b1d5e8dfa53f08cbd96f8fa764c9b62.jpg","height":1344,"width":2048,"date_captured":"2025-12-17T18:28:26+00:00","extra":{"user_tags":["rapid-initial-owlvit-output"],"name":"662030511-Wheres-Wally-1-by-Martin-Handford-z-lib-org_page-0007.jpg"}},{"id":76,"license":1,"file_name":"662030511-Wheres-Wally-1-by-Martin-Handford-z-lib-org_page-0005_jpg.rf.24ad5260c153caf7a6d80ce314b06077.jpg","height":1344,"width":2048,"date_captured":"2025-12-17T18:28:26+00:00","extra":{"name":"662030511-Wheres-Wally-1-by-Martin-Handford-z-lib-org_page-0005.jpg"}},{"id":77,"license":1,"file_name":"662030511-Wheres-Wally-1-by-Martin-Handford-z-lib-org_page-0009_jpg.rf.79d319840d3afd37ae2ec6a4726c316c.jpg","height":1344,"width":2048,"date_captured":"2025-12-17T18:28:26+00:00","extra":{"user_tags":["rapid-initial-owlvit-output"],"name":"662030511-Wheres-Wally-1-by-Martin-Handford-z-lib-org_page-0009.jpg"}},{"id":78,"license":1,"file_name":"662030511-Wheres-Wally-1-by-Martin-Handford-z-lib-org_page-0010_jpg.rf.ef99504aade2b5dadb758ac4fe81a4dd.jpg","height":1344,"width":2048,"date_captured":"2025-12-17T18:28:26+00:00","extra":{"user_tags":["rapid-initial-owlvit-output"],"name":"662030511-Wheres-Wally-1-by-Martin-Handford-z-lib-org_page-0010.jpg"}},{"id":79,"license":1,"file_name":"662030511-Wheres-Wally-1-by-Martin-Handford-z-lib-org_page-0008_jpg.rf.c1909b47cb5dc6d05e2a16eff3fb3441.jpg","height":1344,"width":2048,"date_captured":"2025-12-17T18:28:26+00:00","extra":{"user_tags":["rapid-initial-owlvit-output"],"name":"662030511-Wheres-Wally-1-by-Martin-Handford-z-lib-org_page-0008.jpg"}}],"annotations":[{"id":1,"image_id":0,"category_id":1,"bbox":[1402,856,27.772,51.109],"area":1419.397,"segmentation":[],"iscrowd":0},{"id":2,"image_id":0,"category_id":2,"bbox":[194,979,96.438,94.555],"area":9118.649,"segmentation":[],"iscrowd":0},{"id":3,"image_id":0,"category_id":4,"bbox":[1946,1009,67.757,73.447],"area":4976.594,"segmentation":[],"iscrowd":0},{"id":4,"image_id":1,"category_id":1,"bbox":[619,856,27.772,51.109],"area":1419.397,"segmentation":[],"iscrowd":0},{"id":5,"image_id":1,"category_id":2,"bbox":[1757,979,96.438,94.555],"area":9118.649,"segmentation":[],"iscrowd":0},{"id":6,"image_id":1,"category_id":4,"bbox":[34,1009,67.757,73.447],"area":4976.594,"segmentation":[],"iscrowd":0},{"id":7,"image_id":2,"category_id":1,"bbox":[619,856,27.772,51.109],"area":1419.397,"segmentation":[],"iscrowd":0},{"id":8,"image_id":2,"category_id":2,"bbox":[1757,979,96.438,94.555],"area":9118.649,"segmentation":[],"iscrowd":0},{"id":9,"image_id":2,"category_id":4,"bbox":[34,1009,67.757,73.447],"area":4976.594,"segmentation":[],"iscrowd":0},{"id":10,"image_id":3,"category_id":1,"bbox":[619,856,27.772,51.109],"area":1419.397,"segmentation":[],"iscrowd":0},{"id":11,"image_id":3,"category_id":2,"bbox":[1757,979,96.438,94.555],"area":9118.649,"segmentation":[],"iscrowd":0},{"id":12,"image_id":3,"category_id":4,"bbox":[34,1009,67.757,73.447],"area":4976.594,"segmentation":[],"iscrowd":0},{"id":13,"image_id":4,"category_id":1,"bbox":[1866,433,18.126,64.776],"area":1174.164,"segmentation":[],"iscrowd":0},{"id":14,"image_id":4,"category_id":4,"bbox":[1468,423,44.957,63.323],"area":2846.799,"segmentation":[],"iscrowd":0},{"id":15,"image_id":4,"category_id":2,"bbox":[771,456,48.863,69.343],"area":3388.303,"segmentation":[],"iscrowd":0},{"id":16,"image_id":4,"category_id":3,"bbox":[430,509,28.903,35.014],"area":1012.023,"segmentation":[],"iscrowd":0},{"id":17,"image_id":5,"category_id":2,"bbox":[508,991,76.387,80.97],"area":6185.088,"segmentation":[],"iscrowd":0},{"id":18,"image_id":5,"category_id":3,"bbox":[1877,584,27.97,57.939],"area":1620.546,"segmentation":[],"iscrowd":0},{"id":19,"image_id":5,"category_id":1,"bbox":[1052,1004,28.077,42.76],"area":1200.598,"segmentation":[],"iscrowd":0},{"id":20,"image_id":5,"category_id":4,"bbox":[613,838,49.408,62.976],"area":3111.518,"segmentation":[],"iscrowd":0},{"id":21,"image_id":6,"category_id":1,"bbox":[619,856,27.772,51.109],"area":1419.397,"segmentation":[],"iscrowd":0},{"id":22,"image_id":6,"category_id":2,"bbox":[1757,979,96.438,94.555],"area":9118.649,"segmentation":[],"iscrowd":0},{"id":23,"image_id":6,"category_id":4,"bbox":[34,1009,67.757,73.447],"area":4976.594,"segmentation":[],"iscrowd":0},{"id":24,"image_id":7,"category_id":2,"bbox":[894,1011,67.708,86.008],"area":5823.401,"segmentation":[],"iscrowd":0},{"id":25,"image_id":7,"category_id":3,"bbox":[913,814,35.7,47.467],"area":1694.566,"segmentation":[],"iscrowd":0},{"id":26,"image_id":7,"category_id":4,"bbox":[1312,1034,53.917,45.551],"area":2455.995,"segmentation":[],"iscrowd":0},{"id":27,"image_id":7,"category_id":1,"bbox":[1147,1290,41.216,53.265],"area":2195.35,"segmentation":[],"iscrowd":0},{"id":28,"image_id":8,"category_id":2,"bbox":[550,461,48.491,56.964],"area":2762.268,"segmentation":[],"iscrowd":0},{"id":29,"image_id":8,"category_id":4,"bbox":[1998,1099,32.462,70.4],"area":2285.357,"segmentation":[],"iscrowd":0},{"id":30,"image_id":8,"category_id":3,"bbox":[1843,909,23.189,63.24],"area":1466.456,"segmentation":[],"iscrowd":0},{"id":31,"image_id":8,"category_id":1,"bbox":[145,915,25.575,40.803],"area":1043.548,"segmentation":[],"iscrowd":0},{"id":32,"image_id":9,"category_id":4,"bbox":[861,760,48.557,58.013],"area":2816.957,"segmentation":[],"iscrowd":0},{"id":33,"image_id":9,"category_id":3,"bbox":[162,1041,26.442,45.271],"area":1197.063,"segmentation":[],"iscrowd":0},{"id":34,"image_id":9,"category_id":1,"bbox":[1186,342,22.132,32.124],"area":710.953,"segmentation":[],"iscrowd":0},{"id":35,"image_id":9,"category_id":2,"bbox":[1499,677,44.99,55.56],"area":2499.652,"segmentation":[],"iscrowd":0},{"id":36,"image_id":10,"category_id":2,"bbox":[550,461,48.491,56.964],"area":2762.268,"segmentation":[],"iscrowd":0},{"id":37,"image_id":10,"category_id":4,"bbox":[1998,1099,32.462,70.4],"area":2285.357,"segmentation":[],"iscrowd":0},{"id":38,"image_id":10,"category_id":3,"bbox":[1843,909,23.189,63.24],"area":1466.456,"segmentation":[],"iscrowd":0},{"id":39,"image_id":10,"category_id":1,"bbox":[145,915,25.575,40.803],"area":1043.548,"segmentation":[],"iscrowd":0},{"id":40,"image_id":11,"category_id":1,"bbox":[240,860,42.323,71.754],"area":3036.828,"segmentation":[],"iscrowd":0},{"id":41,"image_id":11,"category_id":4,"bbox":[1063,722,55.156,61.333],"area":3382.84,"segmentation":[],"iscrowd":0},{"id":42,"image_id":11,"category_id":3,"bbox":[1564,869,26.566,62.125],"area":1650.436,"segmentation":[],"iscrowd":0},{"id":43,"image_id":11,"category_id":2,"bbox":[1847,897,47.525,68.071],"area":3235.096,"segmentation":[],"iscrowd":0},{"id":44,"image_id":12,"category_id":2,"bbox":[508,991,76.387,80.97],"area":6185.088,"segmentation":[],"iscrowd":0},{"id":45,"image_id":12,"category_id":3,"bbox":[1877,584,27.97,57.939],"area":1620.546,"segmentation":[],"iscrowd":0},{"id":46,"image_id":12,"category_id":1,"bbox":[1052,1004,28.077,42.76],"area":1200.598,"segmentation":[],"iscrowd":0},{"id":47,"image_id":12,"category_id":4,"bbox":[613,838,49.408,62.976],"area":3111.518,"segmentation":[],"iscrowd":0},{"id":48,"image_id":13,"category_id":1,"bbox":[1866,433,18.126,64.776],"area":1174.164,"segmentation":[],"iscrowd":0},{"id":49,"image_id":13,"category_id":4,"bbox":[1468,423,44.957,63.323],"area":2846.799,"segmentation":[],"iscrowd":0},{"id":50,"image_id":13,"category_id":2,"bbox":[771,456,48.863,69.343],"area":3388.303,"segmentation":[],"iscrowd":0},{"id":51,"image_id":13,"category_id":3,"bbox":[430,509,28.903,35.014],"area":1012.023,"segmentation":[],"iscrowd":0},{"id":52,"image_id":14,"category_id":4,"bbox":[704,455,47.715,64.041],"area":3055.736,"segmentation":[],"iscrowd":0},{"id":53,"image_id":14,"category_id":1,"bbox":[363,922,22.255,48.293],"area":1074.788,"segmentation":[],"iscrowd":0},{"id":54,"image_id":14,"category_id":2,"bbox":[1467,415,72.597,68.715],"area":4988.504,"segmentation":[],"iscrowd":0},{"id":55,"image_id":14,"category_id":3,"bbox":[591,902,25.352,50.705],"area":1285.474,"segmentation":[],"iscrowd":0},{"id":56,"image_id":15,"category_id":1,"bbox":[164,433,18.126,64.776],"area":1174.164,"segmentation":[],"iscrowd":0},{"id":57,"image_id":15,"category_id":4,"bbox":[535,423,44.957,63.323],"area":2846.799,"segmentation":[],"iscrowd":0},{"id":58,"image_id":15,"category_id":2,"bbox":[1228,456,48.863,69.343],"area":3388.303,"segmentation":[],"iscrowd":0},{"id":59,"image_id":15,"category_id":3,"bbox":[1589,509,28.903,35.014],"area":1012.023,"segmentation":[],"iscrowd":0},{"id":60,"image_id":16,"category_id":4,"bbox":[861,760,48.557,58.013],"area":2816.957,"segmentation":[],"iscrowd":0},{"id":61,"image_id":16,"category_id":3,"bbox":[162,1041,26.442,45.271],"area":1197.063,"segmentation":[],"iscrowd":0},{"id":62,"image_id":16,"category_id":1,"bbox":[1186,342,22.132,32.124],"area":710.953,"segmentation":[],"iscrowd":0},{"id":63,"image_id":16,"category_id":2,"bbox":[1499,677,44.99,55.56],"area":2499.652,"segmentation":[],"iscrowd":0},{"id":64,"image_id":17,"category_id":2,"bbox":[894,1011,67.708,86.008],"area":5823.401,"segmentation":[],"iscrowd":0},{"id":65,"image_id":17,"category_id":3,"bbox":[913,814,35.7,47.467],"area":1694.566,"segmentation":[],"iscrowd":0},{"id":66,"image_id":17,"category_id":4,"bbox":[1312,1034,53.917,45.551],"area":2455.995,"segmentation":[],"iscrowd":0},{"id":67,"image_id":17,"category_id":1,"bbox":[1147,1290,41.216,53.265],"area":2195.35,"segmentation":[],"iscrowd":0},{"id":68,"image_id":18,"category_id":2,"bbox":[508,991,76.387,80.97],"area":6185.088,"segmentation":[],"iscrowd":0},{"id":69,"image_id":18,"category_id":3,"bbox":[1877,584,27.97,57.939],"area":1620.546,"segmentation":[],"iscrowd":0},{"id":70,"image_id":18,"category_id":1,"bbox":[1052,1004,28.077,42.76],"area":1200.598,"segmentation":[],"iscrowd":0},{"id":71,"image_id":18,"category_id":4,"bbox":[613,838,49.408,62.976],"area":3111.518,"segmentation":[],"iscrowd":0},{"id":72,"image_id":19,"category_id":2,"bbox":[550,461,48.491,56.964],"area":2762.268,"segmentation":[],"iscrowd":0},{"id":73,"image_id":19,"category_id":4,"bbox":[1998,1099,32.462,70.4],"area":2285.357,"segmentation":[],"iscrowd":0},{"id":74,"image_id":19,"category_id":3,"bbox":[1843,909,23.189,63.24],"area":1466.456,"segmentation":[],"iscrowd":0},{"id":75,"image_id":19,"category_id":1,"bbox":[145,915,25.575,40.803],"area":1043.548,"segmentation":[],"iscrowd":0},{"id":76,"image_id":20,"category_id":1,"bbox":[164,433,18.126,64.776],"area":1174.164,"segmentation":[],"iscrowd":0},{"id":77,"image_id":20,"category_id":4,"bbox":[535,423,44.957,63.323],"area":2846.799,"segmentation":[],"iscrowd":0},{"id":78,"image_id":20,"category_id":2,"bbox":[1228,456,48.863,69.343],"area":3388.303,"segmentation":[],"iscrowd":0},{"id":79,"image_id":20,"category_id":3,"bbox":[1589,509,28.903,35.014],"area":1012.023,"segmentation":[],"iscrowd":0},{"id":80,"image_id":21,"category_id":2,"bbox":[1086,1011,67.708,86.008],"area":5823.401,"segmentation":[],"iscrowd":0},{"id":81,"image_id":21,"category_id":3,"bbox":[1099,814,35.7,47.467],"area":1694.566,"segmentation":[],"iscrowd":0},{"id":82,"image_id":21,"category_id":4,"bbox":[683,1034,53.917,45.551],"area":2455.995,"segmentation":[],"iscrowd":0},{"id":83,"image_id":21,"category_id":1,"bbox":[860,1290,41.216,53.265],"area":2195.35,"segmentation":[],"iscrowd":0},{"id":84,"image_id":22,"category_id":1,"bbox":[1766,860,42.323,71.754],"area":3036.828,"segmentation":[],"iscrowd":0},{"id":85,"image_id":22,"category_id":4,"bbox":[930,722,55.156,61.333],"area":3382.84,"segmentation":[],"iscrowd":0},{"id":86,"image_id":22,"category_id":3,"bbox":[458,869,26.566,62.125],"area":1650.436,"segmentation":[],"iscrowd":0},{"id":87,"image_id":22,"category_id":2,"bbox":[154,897,47.525,68.071],"area":3235.096,"segmentation":[],"iscrowd":0},{"id":88,"image_id":23,"category_id":4,"bbox":[704,455,47.715,64.041],"area":3055.736,"segmentation":[],"iscrowd":0},{"id":89,"image_id":23,"category_id":1,"bbox":[363,922,22.255,48.293],"area":1074.788,"segmentation":[],"iscrowd":0},{"id":90,"image_id":23,"category_id":2,"bbox":[1467,415,72.597,68.715],"area":4988.504,"segmentation":[],"iscrowd":0},{"id":91,"image_id":23,"category_id":3,"bbox":[591,902,25.352,50.705],"area":1285.474,"segmentation":[],"iscrowd":0},{"id":92,"image_id":24,"category_id":2,"bbox":[1464,991,76.387,80.97],"area":6185.088,"segmentation":[],"iscrowd":0},{"id":93,"image_id":24,"category_id":3,"bbox":[143,584,27.97,57.939],"area":1620.546,"segmentation":[],"iscrowd":0},{"id":94,"image_id":24,"category_id":1,"bbox":[968,1004,28.077,42.76],"area":1200.598,"segmentation":[],"iscrowd":0},{"id":95,"image_id":24,"category_id":4,"bbox":[1386,838,49.408,62.976],"area":3111.518,"segmentation":[],"iscrowd":0},{"id":96,"image_id":25,"category_id":4,"bbox":[1296,455,47.715,64.041],"area":3055.736,"segmentation":[],"iscrowd":0},{"id":97,"image_id":25,"category_id":1,"bbox":[1663,922,22.255,48.293],"area":1074.788,"segmentation":[],"iscrowd":0},{"id":98,"image_id":25,"category_id":2,"bbox":[508,415,72.597,68.715],"area":4988.504,"segmentation":[],"iscrowd":0},{"id":99,"image_id":25,"category_id":3,"bbox":[1432,902,25.352,50.705],"area":1285.474,"segmentation":[],"iscrowd":0},{"id":100,"image_id":26,"category_id":4,"bbox":[861,760,48.557,58.013],"area":2816.957,"segmentation":[],"iscrowd":0},{"id":101,"image_id":26,"category_id":3,"bbox":[162,1041,26.442,45.271],"area":1197.063,"segmentation":[],"iscrowd":0},{"id":102,"image_id":26,"category_id":1,"bbox":[1186,342,22.132,32.124],"area":710.953,"segmentation":[],"iscrowd":0},{"id":103,"image_id":26,"category_id":2,"bbox":[1499,677,44.99,55.56],"area":2499.652,"segmentation":[],"iscrowd":0},{"id":104,"image_id":27,"category_id":1,"bbox":[1766,860,42.323,71.754],"area":3036.828,"segmentation":[],"iscrowd":0},{"id":105,"image_id":27,"category_id":4,"bbox":[930,722,55.156,61.333],"area":3382.84,"segmentation":[],"iscrowd":0},{"id":106,"image_id":27,"category_id":3,"bbox":[458,869,26.566,62.125],"area":1650.436,"segmentation":[],"iscrowd":0},{"id":107,"image_id":27,"category_id":2,"bbox":[154,897,47.525,68.071],"area":3235.096,"segmentation":[],"iscrowd":0},{"id":108,"image_id":28,"category_id":2,"bbox":[1086,1011,67.708,86.008],"area":5823.401,"segmentation":[],"iscrowd":0},{"id":109,"image_id":28,"category_id":3,"bbox":[1099,814,35.7,47.467],"area":1694.566,"segmentation":[],"iscrowd":0},{"id":110,"image_id":28,"category_id":4,"bbox":[683,1034,53.917,45.551],"area":2455.995,"segmentation":[],"iscrowd":0},{"id":111,"image_id":28,"category_id":1,"bbox":[860,1290,41.216,53.265],"area":2195.35,"segmentation":[],"iscrowd":0},{"id":112,"image_id":29,"category_id":4,"bbox":[704,455,47.715,64.041],"area":3055.736,"segmentation":[],"iscrowd":0},{"id":113,"image_id":29,"category_id":1,"bbox":[363,922,22.255,48.293],"area":1074.788,"segmentation":[],"iscrowd":0},{"id":114,"image_id":29,"category_id":2,"bbox":[1467,415,72.597,68.715],"area":4988.504,"segmentation":[],"iscrowd":0},{"id":115,"image_id":29,"category_id":3,"bbox":[591,902,25.352,50.705],"area":1285.474,"segmentation":[],"iscrowd":0},{"id":116,"image_id":30,"category_id":1,"bbox":[1766,860,42.323,71.754],"area":3036.828,"segmentation":[],"iscrowd":0},{"id":117,"image_id":30,"category_id":4,"bbox":[930,722,55.156,61.333],"area":3382.84,"segmentation":[],"iscrowd":0},{"id":118,"image_id":30,"category_id":3,"bbox":[458,869,26.566,62.125],"area":1650.436,"segmentation":[],"iscrowd":0},{"id":119,"image_id":30,"category_id":2,"bbox":[154,897,47.525,68.071],"area":3235.096,"segmentation":[],"iscrowd":0},{"id":120,"image_id":31,"category_id":4,"bbox":[861,760,48.557,58.013],"area":2816.957,"segmentation":[],"iscrowd":0},{"id":121,"image_id":31,"category_id":3,"bbox":[162,1041,26.442,45.271],"area":1197.063,"segmentation":[],"iscrowd":0},{"id":122,"image_id":31,"category_id":1,"bbox":[1186,342,22.132,32.124],"area":710.953,"segmentation":[],"iscrowd":0},{"id":123,"image_id":31,"category_id":2,"bbox":[1499,677,44.99,55.56],"area":2499.652,"segmentation":[],"iscrowd":0},{"id":124,"image_id":32,"category_id":1,"bbox":[164,433,18.126,64.776],"area":1174.164,"segmentation":[],"iscrowd":0},{"id":125,"image_id":32,"category_id":4,"bbox":[535,423,44.957,63.323],"area":2846.799,"segmentation":[],"iscrowd":0},{"id":126,"image_id":32,"category_id":2,"bbox":[1228,456,48.863,69.343],"area":3388.303,"segmentation":[],"iscrowd":0},{"id":127,"image_id":32,"category_id":3,"bbox":[1589,509,28.903,35.014],"area":1012.023,"segmentation":[],"iscrowd":0},{"id":128,"image_id":33,"category_id":1,"bbox":[619,856,27.772,51.109],"area":1419.397,"segmentation":[],"iscrowd":0},{"id":129,"image_id":33,"category_id":2,"bbox":[1757,979,96.438,94.555],"area":9118.649,"segmentation":[],"iscrowd":0},{"id":130,"image_id":33,"category_id":4,"bbox":[34,1009,67.757,73.447],"area":4976.594,"segmentation":[],"iscrowd":0},{"id":131,"image_id":34,"category_id":1,"bbox":[240,860,42.323,71.754],"area":3036.828,"segmentation":[],"iscrowd":0},{"id":132,"image_id":34,"category_id":4,"bbox":[1063,722,55.156,61.333],"area":3382.84,"segmentation":[],"iscrowd":0},{"id":133,"image_id":34,"category_id":3,"bbox":[1564,869,26.566,62.125],"area":1650.436,"segmentation":[],"iscrowd":0},{"id":134,"image_id":34,"category_id":2,"bbox":[1847,897,47.525,68.071],"area":3235.096,"segmentation":[],"iscrowd":0},{"id":135,"image_id":35,"category_id":2,"bbox":[1086,1011,67.708,86.008],"area":5823.401,"segmentation":[],"iscrowd":0},{"id":136,"image_id":35,"category_id":3,"bbox":[1099,814,35.7,47.467],"area":1694.566,"segmentation":[],"iscrowd":0},{"id":137,"image_id":35,"category_id":4,"bbox":[683,1034,53.917,45.551],"area":2455.995,"segmentation":[],"iscrowd":0},{"id":138,"image_id":35,"category_id":1,"bbox":[860,1290,41.216,53.265],"area":2195.35,"segmentation":[],"iscrowd":0},{"id":139,"image_id":36,"category_id":1,"bbox":[1402,856,27.772,51.109],"area":1419.397,"segmentation":[],"iscrowd":0},{"id":140,"image_id":36,"category_id":2,"bbox":[194,979,96.438,94.555],"area":9118.649,"segmentation":[],"iscrowd":0},{"id":141,"image_id":36,"category_id":4,"bbox":[1946,1009,67.757,73.447],"area":4976.594,"segmentation":[],"iscrowd":0},{"id":142,"image_id":37,"category_id":2,"bbox":[550,461,48.491,56.964],"area":2762.268,"segmentation":[],"iscrowd":0},{"id":143,"image_id":37,"category_id":4,"bbox":[1998,1099,32.462,70.4],"area":2285.357,"segmentation":[],"iscrowd":0},{"id":144,"image_id":37,"category_id":3,"bbox":[1843,909,23.189,63.24],"area":1466.456,"segmentation":[],"iscrowd":0},{"id":145,"image_id":37,"category_id":1,"bbox":[145,915,25.575,40.803],"area":1043.548,"segmentation":[],"iscrowd":0},{"id":146,"image_id":38,"category_id":2,"bbox":[550,461,48.491,56.964],"area":2762.268,"segmentation":[],"iscrowd":0},{"id":147,"image_id":38,"category_id":4,"bbox":[1998,1099,32.462,70.4],"area":2285.357,"segmentation":[],"iscrowd":0},{"id":148,"image_id":38,"category_id":3,"bbox":[1843,909,23.189,63.24],"area":1466.456,"segmentation":[],"iscrowd":0},{"id":149,"image_id":38,"category_id":1,"bbox":[145,915,25.575,40.803],"area":1043.548,"segmentation":[],"iscrowd":0},{"id":150,"image_id":39,"category_id":4,"bbox":[861,760,48.557,58.013],"area":2816.957,"segmentation":[],"iscrowd":0},{"id":151,"image_id":39,"category_id":3,"bbox":[162,1041,26.442,45.271],"area":1197.063,"segmentation":[],"iscrowd":0},{"id":152,"image_id":39,"category_id":1,"bbox":[1186,342,22.132,32.124],"area":710.953,"segmentation":[],"iscrowd":0},{"id":153,"image_id":39,"category_id":2,"bbox":[1499,677,44.99,55.56],"area":2499.652,"segmentation":[],"iscrowd":0},{"id":154,"image_id":40,"category_id":1,"bbox":[1402,856,27.772,51.109],"area":1419.397,"segmentation":[],"iscrowd":0},{"id":155,"image_id":40,"category_id":2,"bbox":[194,979,96.438,94.555],"area":9118.649,"segmentation":[],"iscrowd":0},{"id":156,"image_id":40,"category_id":4,"bbox":[1946,1009,67.757,73.447],"area":4976.594,"segmentation":[],"iscrowd":0},{"id":157,"image_id":41,"category_id":4,"bbox":[704,455,47.715,64.041],"area":3055.736,"segmentation":[],"iscrowd":0},{"id":158,"image_id":41,"category_id":1,"bbox":[363,922,22.255,48.293],"area":1074.788,"segmentation":[],"iscrowd":0},{"id":159,"image_id":41,"category_id":2,"bbox":[1467,415,72.597,68.715],"area":4988.504,"segmentation":[],"iscrowd":0},{"id":160,"image_id":41,"category_id":3,"bbox":[591,902,25.352,50.705],"area":1285.474,"segmentation":[],"iscrowd":0},{"id":161,"image_id":42,"category_id":4,"bbox":[1296,455,47.715,64.041],"area":3055.736,"segmentation":[],"iscrowd":0},{"id":162,"image_id":42,"category_id":1,"bbox":[1663,922,22.255,48.293],"area":1074.788,"segmentation":[],"iscrowd":0},{"id":163,"image_id":42,"category_id":2,"bbox":[508,415,72.597,68.715],"area":4988.504,"segmentation":[],"iscrowd":0},{"id":164,"image_id":42,"category_id":3,"bbox":[1432,902,25.352,50.705],"area":1285.474,"segmentation":[],"iscrowd":0},{"id":165,"image_id":43,"category_id":4,"bbox":[861,760,48.557,58.013],"area":2816.957,"segmentation":[],"iscrowd":0},{"id":166,"image_id":43,"category_id":3,"bbox":[162,1041,26.442,45.271],"area":1197.063,"segmentation":[],"iscrowd":0},{"id":167,"image_id":43,"category_id":1,"bbox":[1186,342,22.132,32.124],"area":710.953,"segmentation":[],"iscrowd":0},{"id":168,"image_id":43,"category_id":2,"bbox":[1499,677,44.99,55.56],"area":2499.652,"segmentation":[],"iscrowd":0},{"id":169,"image_id":44,"category_id":4,"bbox":[704,455,47.715,64.041],"area":3055.736,"segmentation":[],"iscrowd":0},{"id":170,"image_id":44,"category_id":1,"bbox":[363,922,22.255,48.293],"area":1074.788,"segmentation":[],"iscrowd":0},{"id":171,"image_id":44,"category_id":2,"bbox":[1467,415,72.597,68.715],"area":4988.504,"segmentation":[],"iscrowd":0},{"id":172,"image_id":44,"category_id":3,"bbox":[591,902,25.352,50.705],"area":1285.474,"segmentation":[],"iscrowd":0},{"id":173,"image_id":45,"category_id":1,"bbox":[164,433,18.126,64.776],"area":1174.164,"segmentation":[],"iscrowd":0},{"id":174,"image_id":45,"category_id":4,"bbox":[535,423,44.957,63.323],"area":2846.799,"segmentation":[],"iscrowd":0},{"id":175,"image_id":45,"category_id":2,"bbox":[1228,456,48.863,69.343],"area":3388.303,"segmentation":[],"iscrowd":0},{"id":176,"image_id":45,"category_id":3,"bbox":[1589,509,28.903,35.014],"area":1012.023,"segmentation":[],"iscrowd":0},{"id":177,"image_id":46,"category_id":4,"bbox":[1138,760,48.557,58.013],"area":2816.957,"segmentation":[],"iscrowd":0},{"id":178,"image_id":46,"category_id":3,"bbox":[1860,1041,26.442,45.271],"area":1197.063,"segmentation":[],"iscrowd":0},{"id":179,"image_id":46,"category_id":1,"bbox":[840,342,22.132,32.124],"area":710.953,"segmentation":[],"iscrowd":0},{"id":180,"image_id":46,"category_id":2,"bbox":[504,677,44.99,55.56],"area":2499.652,"segmentation":[],"iscrowd":0},{"id":181,"image_id":47,"category_id":1,"bbox":[1766,860,42.323,71.754],"area":3036.828,"segmentation":[],"iscrowd":0},{"id":182,"image_id":47,"category_id":4,"bbox":[930,722,55.156,61.333],"area":3382.84,"segmentation":[],"iscrowd":0},{"id":183,"image_id":47,"category_id":3,"bbox":[458,869,26.566,62.125],"area":1650.436,"segmentation":[],"iscrowd":0},{"id":184,"image_id":47,"category_id":2,"bbox":[154,897,47.525,68.071],"area":3235.096,"segmentation":[],"iscrowd":0},{"id":185,"image_id":48,"category_id":4,"bbox":[1138,760,48.557,58.013],"area":2816.957,"segmentation":[],"iscrowd":0},{"id":186,"image_id":48,"category_id":3,"bbox":[1860,1041,26.442,45.271],"area":1197.063,"segmentation":[],"iscrowd":0},{"id":187,"image_id":48,"category_id":1,"bbox":[840,342,22.132,32.124],"area":710.953,"segmentation":[],"iscrowd":0},{"id":188,"image_id":48,"category_id":2,"bbox":[504,677,44.99,55.56],"area":2499.652,"segmentation":[],"iscrowd":0},{"id":189,"image_id":49,"category_id":1,"bbox":[1766,860,42.323,71.754],"area":3036.828,"segmentation":[],"iscrowd":0},{"id":190,"image_id":49,"category_id":4,"bbox":[930,722,55.156,61.333],"area":3382.84,"segmentation":[],"iscrowd":0},{"id":191,"image_id":49,"category_id":3,"bbox":[458,869,26.566,62.125],"area":1650.436,"segmentation":[],"iscrowd":0},{"id":192,"image_id":49,"category_id":2,"bbox":[154,897,47.525,68.071],"area":3235.096,"segmentation":[],"iscrowd":0},{"id":193,"image_id":50,"category_id":2,"bbox":[1449,461,48.491,56.964],"area":2762.268,"segmentation":[],"iscrowd":0},{"id":194,"image_id":50,"category_id":4,"bbox":[17,1099,32.462,70.4],"area":2285.357,"segmentation":[],"iscrowd":0},{"id":195,"image_id":50,"category_id":3,"bbox":[182,909,23.189,63.24],"area":1466.456,"segmentation":[],"iscrowd":0},{"id":196,"image_id":50,"category_id":1,"bbox":[1877,915,25.575,40.803],"area":1043.548,"segmentation":[],"iscrowd":0},{"id":197,"image_id":51,"category_id":2,"bbox":[508,991,76.387,80.97],"area":6185.088,"segmentation":[],"iscrowd":0},{"id":198,"image_id":51,"category_id":3,"bbox":[1877,584,27.97,57.939],"area":1620.546,"segmentation":[],"iscrowd":0},{"id":199,"image_id":51,"category_id":1,"bbox":[1052,1004,28.077,42.76],"area":1200.598,"segmentation":[],"iscrowd":0},{"id":200,"image_id":51,"category_id":4,"bbox":[613,838,49.408,62.976],"area":3111.518,"segmentation":[],"iscrowd":0},{"id":201,"image_id":52,"category_id":1,"bbox":[240,860,42.323,71.754],"area":3036.828,"segmentation":[],"iscrowd":0},{"id":202,"image_id":52,"category_id":4,"bbox":[1063,722,55.156,61.333],"area":3382.84,"segmentation":[],"iscrowd":0},{"id":203,"image_id":52,"category_id":3,"bbox":[1564,869,26.566,62.125],"area":1650.436,"segmentation":[],"iscrowd":0},{"id":204,"image_id":52,"category_id":2,"bbox":[1847,897,47.525,68.071],"area":3235.096,"segmentation":[],"iscrowd":0},{"id":205,"image_id":53,"category_id":2,"bbox":[508,991,76.387,80.97],"area":6185.088,"segmentation":[],"iscrowd":0},{"id":206,"image_id":53,"category_id":3,"bbox":[1877,584,27.97,57.939],"area":1620.546,"segmentation":[],"iscrowd":0},{"id":207,"image_id":53,"category_id":1,"bbox":[1052,1004,28.077,42.76],"area":1200.598,"segmentation":[],"iscrowd":0},{"id":208,"image_id":53,"category_id":4,"bbox":[613,838,49.408,62.976],"area":3111.518,"segmentation":[],"iscrowd":0},{"id":209,"image_id":54,"category_id":2,"bbox":[1464,991,76.387,80.97],"area":6185.088,"segmentation":[],"iscrowd":0},{"id":210,"image_id":54,"category_id":3,"bbox":[143,584,27.97,57.939],"area":1620.546,"segmentation":[],"iscrowd":0},{"id":211,"image_id":54,"category_id":1,"bbox":[968,1004,28.077,42.76],"area":1200.598,"segmentation":[],"iscrowd":0},{"id":212,"image_id":54,"category_id":4,"bbox":[1386,838,49.408,62.976],"area":3111.518,"segmentation":[],"iscrowd":0},{"id":213,"image_id":55,"category_id":1,"bbox":[164,433,18.126,64.776],"area":1174.164,"segmentation":[],"iscrowd":0},{"id":214,"image_id":55,"category_id":4,"bbox":[535,423,44.957,63.323],"area":2846.799,"segmentation":[],"iscrowd":0},{"id":215,"image_id":55,"category_id":2,"bbox":[1228,456,48.863,69.343],"area":3388.303,"segmentation":[],"iscrowd":0},{"id":216,"image_id":55,"category_id":3,"bbox":[1589,509,28.903,35.014],"area":1012.023,"segmentation":[],"iscrowd":0},{"id":217,"image_id":56,"category_id":4,"bbox":[704,455,47.715,64.041],"area":3055.736,"segmentation":[],"iscrowd":0},{"id":218,"image_id":56,"category_id":1,"bbox":[363,922,22.255,48.293],"area":1074.788,"segmentation":[],"iscrowd":0},{"id":219,"image_id":56,"category_id":2,"bbox":[1467,415,72.597,68.715],"area":4988.504,"segmentation":[],"iscrowd":0},{"id":220,"image_id":56,"category_id":3,"bbox":[591,902,25.352,50.705],"area":1285.474,"segmentation":[],"iscrowd":0},{"id":221,"image_id":57,"category_id":2,"bbox":[894,1011,67.708,86.008],"area":5823.401,"segmentation":[],"iscrowd":0},{"id":222,"image_id":57,"category_id":3,"bbox":[913,814,35.7,47.467],"area":1694.566,"segmentation":[],"iscrowd":0},{"id":223,"image_id":57,"category_id":4,"bbox":[1312,1034,53.917,45.551],"area":2455.995,"segmentation":[],"iscrowd":0},{"id":224,"image_id":57,"category_id":1,"bbox":[1147,1290,41.216,53.265],"area":2195.35,"segmentation":[],"iscrowd":0},{"id":225,"image_id":58,"category_id":2,"bbox":[1449,461,48.491,56.964],"area":2762.268,"segmentation":[],"iscrowd":0},{"id":226,"image_id":58,"category_id":4,"bbox":[17,1099,32.462,70.4],"area":2285.357,"segmentation":[],"iscrowd":0},{"id":227,"image_id":58,"category_id":3,"bbox":[182,909,23.189,63.24],"area":1466.456,"segmentation":[],"iscrowd":0},{"id":228,"image_id":58,"category_id":1,"bbox":[1877,915,25.575,40.803],"area":1043.548,"segmentation":[],"iscrowd":0},{"id":229,"image_id":59,"category_id":2,"bbox":[1449,461,48.491,56.964],"area":2762.268,"segmentation":[],"iscrowd":0},{"id":230,"image_id":59,"category_id":4,"bbox":[17,1099,32.462,70.4],"area":2285.357,"segmentation":[],"iscrowd":0},{"id":231,"image_id":59,"category_id":3,"bbox":[182,909,23.189,63.24],"area":1466.456,"segmentation":[],"iscrowd":0},{"id":232,"image_id":59,"category_id":1,"bbox":[1877,915,25.575,40.803],"area":1043.548,"segmentation":[],"iscrowd":0},{"id":233,"image_id":60,"category_id":2,"bbox":[508,991,76.387,80.97],"area":6185.088,"segmentation":[],"iscrowd":0},{"id":234,"image_id":60,"category_id":3,"bbox":[1877,584,27.97,57.939],"area":1620.546,"segmentation":[],"iscrowd":0},{"id":235,"image_id":60,"category_id":1,"bbox":[1052,1004,28.077,42.76],"area":1200.598,"segmentation":[],"iscrowd":0},{"id":236,"image_id":60,"category_id":4,"bbox":[613,838,49.408,62.976],"area":3111.518,"segmentation":[],"iscrowd":0},{"id":237,"image_id":61,"category_id":2,"bbox":[1086,1011,67.708,86.008],"area":5823.401,"segmentation":[],"iscrowd":0},{"id":238,"image_id":61,"category_id":3,"bbox":[1099,814,35.7,47.467],"area":1694.566,"segmentation":[],"iscrowd":0},{"id":239,"image_id":61,"category_id":4,"bbox":[683,1034,53.917,45.551],"area":2455.995,"segmentation":[],"iscrowd":0},{"id":240,"image_id":61,"category_id":1,"bbox":[860,1290,41.216,53.265],"area":2195.35,"segmentation":[],"iscrowd":0},{"id":241,"image_id":62,"category_id":2,"bbox":[1086,1011,67.708,86.008],"area":5823.401,"segmentation":[],"iscrowd":0},{"id":242,"image_id":62,"category_id":3,"bbox":[1099,814,35.7,47.467],"area":1694.566,"segmentation":[],"iscrowd":0},{"id":243,"image_id":62,"category_id":4,"bbox":[683,1034,53.917,45.551],"area":2455.995,"segmentation":[],"iscrowd":0},{"id":244,"image_id":62,"category_id":1,"bbox":[860,1290,41.216,53.265],"area":2195.35,"segmentation":[],"iscrowd":0},{"id":245,"image_id":63,"category_id":4,"bbox":[1296,455,47.715,64.041],"area":3055.736,"segmentation":[],"iscrowd":0},{"id":246,"image_id":63,"category_id":1,"bbox":[1663,922,22.255,48.293],"area":1074.788,"segmentation":[],"iscrowd":0},{"id":247,"image_id":63,"category_id":2,"bbox":[508,415,72.597,68.715],"area":4988.504,"segmentation":[],"iscrowd":0},{"id":248,"image_id":63,"category_id":3,"bbox":[1432,902,25.352,50.705],"area":1285.474,"segmentation":[],"iscrowd":0},{"id":249,"image_id":64,"category_id":1,"bbox":[164,433,18.126,64.776],"area":1174.164,"segmentation":[],"iscrowd":0},{"id":250,"image_id":64,"category_id":4,"bbox":[535,423,44.957,63.323],"area":2846.799,"segmentation":[],"iscrowd":0},{"id":251,"image_id":64,"category_id":2,"bbox":[1228,456,48.863,69.343],"area":3388.303,"segmentation":[],"iscrowd":0},{"id":252,"image_id":64,"category_id":3,"bbox":[1589,509,28.903,35.014],"area":1012.023,"segmentation":[],"iscrowd":0},{"id":253,"image_id":65,"category_id":4,"bbox":[1138,760,48.557,58.013],"area":2816.957,"segmentation":[],"iscrowd":0},{"id":254,"image_id":65,"category_id":3,"bbox":[1860,1041,26.442,45.271],"area":1197.063,"segmentation":[],"iscrowd":0},{"id":255,"image_id":65,"category_id":1,"bbox":[840,342,22.132,32.124],"area":710.953,"segmentation":[],"iscrowd":0},{"id":256,"image_id":65,"category_id":2,"bbox":[504,677,44.99,55.56],"area":2499.652,"segmentation":[],"iscrowd":0},{"id":257,"image_id":66,"category_id":2,"bbox":[1464,991,76.387,80.97],"area":6185.088,"segmentation":[],"iscrowd":0},{"id":258,"image_id":66,"category_id":3,"bbox":[143,584,27.97,57.939],"area":1620.546,"segmentation":[],"iscrowd":0},{"id":259,"image_id":66,"category_id":1,"bbox":[968,1004,28.077,42.76],"area":1200.598,"segmentation":[],"iscrowd":0},{"id":260,"image_id":66,"category_id":4,"bbox":[1386,838,49.408,62.976],"area":3111.518,"segmentation":[],"iscrowd":0},{"id":261,"image_id":67,"category_id":1,"bbox":[1402,856,27.772,51.109],"area":1419.397,"segmentation":[],"iscrowd":0},{"id":262,"image_id":67,"category_id":2,"bbox":[194,979,96.438,94.555],"area":9118.649,"segmentation":[],"iscrowd":0},{"id":263,"image_id":67,"category_id":4,"bbox":[1946,1009,67.757,73.447],"area":4976.594,"segmentation":[],"iscrowd":0},{"id":264,"image_id":68,"category_id":4,"bbox":[861,760,48.557,58.013],"area":2816.957,"segmentation":[],"iscrowd":0},{"id":265,"image_id":68,"category_id":3,"bbox":[162,1041,26.442,45.271],"area":1197.063,"segmentation":[],"iscrowd":0},{"id":266,"image_id":68,"category_id":1,"bbox":[1186,342,22.132,32.124],"area":710.953,"segmentation":[],"iscrowd":0},{"id":267,"image_id":68,"category_id":2,"bbox":[1499,677,44.99,55.56],"area":2499.652,"segmentation":[],"iscrowd":0},{"id":268,"image_id":69,"category_id":2,"bbox":[894,1011,67.708,86.008],"area":5823.401,"segmentation":[],"iscrowd":0},{"id":269,"image_id":69,"category_id":3,"bbox":[913,814,35.7,47.467],"area":1694.566,"segmentation":[],"iscrowd":0},{"id":270,"image_id":69,"category_id":4,"bbox":[1312,1034,53.917,45.551],"area":2455.995,"segmentation":[],"iscrowd":0},{"id":271,"image_id":69,"category_id":1,"bbox":[1147,1290,41.216,53.265],"area":2195.35,"segmentation":[],"iscrowd":0},{"id":272,"image_id":70,"category_id":1,"bbox":[240,860,42.323,71.754],"area":3036.828,"segmentation":[],"iscrowd":0},{"id":273,"image_id":70,"category_id":4,"bbox":[1063,722,55.156,61.333],"area":3382.84,"segmentation":[],"iscrowd":0},{"id":274,"image_id":70,"category_id":3,"bbox":[1564,869,26.566,62.125],"area":1650.436,"segmentation":[],"iscrowd":0},{"id":275,"image_id":70,"category_id":2,"bbox":[1847,897,47.525,68.071],"area":3235.096,"segmentation":[],"iscrowd":0},{"id":276,"image_id":71,"category_id":1,"bbox":[1866,433,18.126,64.776],"area":1174.164,"segmentation":[],"iscrowd":0},{"id":277,"image_id":71,"category_id":4,"bbox":[1468,423,44.957,63.323],"area":2846.799,"segmentation":[],"iscrowd":0},{"id":278,"image_id":71,"category_id":2,"bbox":[771,456,48.863,69.343],"area":3388.303,"segmentation":[],"iscrowd":0},{"id":279,"image_id":71,"category_id":3,"bbox":[430,509,28.903,35.014],"area":1012.023,"segmentation":[],"iscrowd":0},{"id":280,"image_id":72,"category_id":1,"bbox":[164,433,18.126,64.776],"area":1174.164,"segmentation":[],"iscrowd":0},{"id":281,"image_id":72,"category_id":4,"bbox":[535,423,44.957,63.323],"area":2846.799,"segmentation":[],"iscrowd":0},{"id":282,"image_id":72,"category_id":2,"bbox":[1228,456,48.863,69.343],"area":3388.303,"segmentation":[],"iscrowd":0},{"id":283,"image_id":72,"category_id":3,"bbox":[1589,509,28.903,35.014],"area":1012.023,"segmentation":[],"iscrowd":0},{"id":284,"image_id":73,"category_id":2,"bbox":[1449,461,48.491,56.964],"area":2762.268,"segmentation":[],"iscrowd":0},{"id":285,"image_id":73,"category_id":4,"bbox":[17,1099,32.462,70.4],"area":2285.357,"segmentation":[],"iscrowd":0},{"id":286,"image_id":73,"category_id":3,"bbox":[182,909,23.189,63.24],"area":1466.456,"segmentation":[],"iscrowd":0},{"id":287,"image_id":73,"category_id":1,"bbox":[1877,915,25.575,40.803],"area":1043.548,"segmentation":[],"iscrowd":0},{"id":288,"image_id":74,"category_id":1,"bbox":[240,860,42.323,71.754],"area":3036.828,"segmentation":[],"iscrowd":0},{"id":289,"image_id":74,"category_id":4,"bbox":[1063,722,55.156,61.333],"area":3382.84,"segmentation":[],"iscrowd":0},{"id":290,"image_id":74,"category_id":3,"bbox":[1564,869,26.566,62.125],"area":1650.436,"segmentation":[],"iscrowd":0},{"id":291,"image_id":74,"category_id":2,"bbox":[1847,897,47.525,68.071],"area":3235.096,"segmentation":[],"iscrowd":0},{"id":292,"image_id":75,"category_id":1,"bbox":[619,856,27.772,51.109],"area":1419.397,"segmentation":[],"iscrowd":0},{"id":293,"image_id":75,"category_id":2,"bbox":[1757,979,96.438,94.555],"area":9118.649,"segmentation":[],"iscrowd":0},{"id":294,"image_id":75,"category_id":4,"bbox":[34,1009,67.757,73.447],"area":4976.594,"segmentation":[],"iscrowd":0},{"id":295,"image_id":76,"category_id":2,"bbox":[894,1011,67.708,86.008],"area":5823.401,"segmentation":[],"iscrowd":0},{"id":296,"image_id":76,"category_id":3,"bbox":[913,814,35.7,47.467],"area":1694.566,"segmentation":[],"iscrowd":0},{"id":297,"image_id":76,"category_id":4,"bbox":[1312,1034,53.917,45.551],"area":2455.995,"segmentation":[],"iscrowd":0},{"id":298,"image_id":76,"category_id":1,"bbox":[1147,1290,41.216,53.265],"area":2195.35,"segmentation":[],"iscrowd":0},{"id":299,"image_id":77,"category_id":4,"bbox":[1296,455,47.715,64.041],"area":3055.736,"segmentation":[],"iscrowd":0},{"id":300,"image_id":77,"category_id":1,"bbox":[1663,922,22.255,48.293],"area":1074.788,"segmentation":[],"iscrowd":0},{"id":301,"image_id":77,"category_id":2,"bbox":[508,415,72.597,68.715],"area":4988.504,"segmentation":[],"iscrowd":0},{"id":302,"image_id":77,"category_id":3,"bbox":[1432,902,25.352,50.705],"area":1285.474,"segmentation":[],"iscrowd":0},{"id":303,"image_id":78,"category_id":2,"bbox":[550,461,48.491,56.964],"area":2762.268,"segmentation":[],"iscrowd":0},{"id":304,"image_id":78,"category_id":4,"bbox":[1998,1099,32.462,70.4],"area":2285.357,"segmentation":[],"iscrowd":0},{"id":305,"image_id":78,"category_id":3,"bbox":[1843,909,23.189,63.24],"area":1466.456,"segmentation":[],"iscrowd":0},{"id":306,"image_id":78,"category_id":1,"bbox":[145,915,25.575,40.803],"area":1043.548,"segmentation":[],"iscrowd":0},{"id":307,"image_id":79,"category_id":2,"bbox":[508,991,76.387,80.97],"area":6185.088,"segmentation":[],"iscrowd":0},{"id":308,"image_id":79,"category_id":3,"bbox":[1877,584,27.97,57.939],"area":1620.546,"segmentation":[],"iscrowd":0},{"id":309,"image_id":79,"category_id":1,"bbox":[1052,1004,28.077,42.76],"area":1200.598,"segmentation":[],"iscrowd":0},{"id":310,"image_id":79,"category_id":4,"bbox":[613,838,49.408,62.976],"area":3111.518,"segmentation":[],"iscrowd":0}]}